Id,task_1,task_2
./data/test/melanoma/ISIC_0012258.jpg,0.24457629024982452,0.2524389922618866
./data/test/melanoma/ISIC_0012356.jpg,0.26392820477485657,0.3921836018562317
./data/test/melanoma/ISIC_0012369.jpg,0.23955892026424408,0.1465822011232376
./data/test/melanoma/ISIC_0012395.jpg,0.20498399436473846,0.02108910121023655
./data/test/melanoma/ISIC_0012425.jpg,0.0749773308634758,0.32469019293785095
./data/test/melanoma/ISIC_0012758.jpg,0.04714428260922432,0.001119669177569449
./data/test/melanoma/ISIC_0012989.jpg,0.09471844136714935,0.013893114402890205
./data/test/melanoma/ISIC_0013072.jpg,0.4940345585346222,0.08852843195199966
./data/test/melanoma/ISIC_0013073.jpg,0.4633883833885193,0.032302916049957275
./data/test/melanoma/ISIC_0013242.jpg,0.2075086236000061,0.0197356678545475
./data/test/melanoma/ISIC_0013277.jpg,0.2866828441619873,0.12004876136779785
./data/test/melanoma/ISIC_0013321.jpg,0.23192128539085388,0.43907400965690613
./data/test/melanoma/ISIC_0013374.jpg,0.1499159187078476,0.06504546850919724
./data/test/melanoma/ISIC_0013411.jpg,0.2727642059326172,0.3885565400123596
./data/test/melanoma/ISIC_0013414.jpg,0.13241058588027954,0.04527485370635986
./data/test/melanoma/ISIC_0013455.jpg,0.2072700709104538,0.022361377254128456
./data/test/melanoma/ISIC_0013457.jpg,0.05814312398433685,0.6678464412689209
./data/test/melanoma/ISIC_0013459.jpg,0.16064855456352234,0.2792246341705322
./data/test/melanoma/ISIC_0013472.jpg,0.14987872540950775,0.12231308221817017
./data/test/melanoma/ISIC_0013473.jpg,0.3766525089740753,0.15338999032974243
./data/test/melanoma/ISIC_0013565.jpg,0.07438982278108597,0.6545284390449524
./data/test/melanoma/ISIC_0013577.jpg,0.46356770396232605,0.09454407542943954
./data/test/melanoma/ISIC_0013588.jpg,0.2143196016550064,0.26765310764312744
./data/test/melanoma/ISIC_0013615.jpg,0.02160762809216976,0.7052773237228394
./data/test/melanoma/ISIC_0013617.jpg,0.11873228847980499,0.30130675435066223
./data/test/melanoma/ISIC_0013636.jpg,0.27738845348358154,0.09249331802129745
./data/test/melanoma/ISIC_0013678.jpg,0.23039750754833221,0.04417059198021889
./data/test/melanoma/ISIC_0013696.jpg,0.05764716491103172,0.2829986810684204
./data/test/melanoma/ISIC_0013733.jpg,0.14108635485172272,0.022769734263420105
./data/test/melanoma/ISIC_0013739.jpg,0.05396310240030289,0.18437430262565613
./data/test/melanoma/ISIC_0013766.jpg,0.4148653745651245,0.018307680264115334
./data/test/melanoma/ISIC_0013767.jpg,0.4596010446548462,0.2425585389137268
./data/test/melanoma/ISIC_0013813.jpg,0.24651186168193817,0.46637237071990967
./data/test/melanoma/ISIC_0013814.jpg,0.21598398685455322,0.11669983714818954
./data/test/melanoma/ISIC_0013833.jpg,0.4570392370223999,0.1915467232465744
./data/test/melanoma/ISIC_0013842.jpg,0.04806003347039223,0.12736116349697113
./data/test/melanoma/ISIC_0013867.jpg,0.09244309365749359,0.16084757447242737
./data/test/melanoma/ISIC_0013908.jpg,0.27498990297317505,0.05338886380195618
./data/test/melanoma/ISIC_0013917.jpg,0.0674438402056694,0.011656245216727257
./data/test/melanoma/ISIC_0013925.jpg,0.23220545053482056,0.4202340543270111
./data/test/melanoma/ISIC_0013948.jpg,0.19011907279491425,0.060935501009225845
./data/test/melanoma/ISIC_0013953.jpg,0.05129323899745941,0.6791052222251892
./data/test/melanoma/ISIC_0013987.jpg,0.23858077824115753,0.02526138536632061
./data/test/melanoma/ISIC_0013988.jpg,0.19877305626869202,0.20693272352218628
./data/test/melanoma/ISIC_0014027.jpg,0.09845713526010513,0.13761194050312042
./data/test/melanoma/ISIC_0014059.jpg,0.0356595478951931,0.006972618401050568
./data/test/melanoma/ISIC_0014077.jpg,0.3143879771232605,0.04791205748915672
./data/test/melanoma/ISIC_0014103.jpg,0.20812726020812988,0.2705302834510803
./data/test/melanoma/ISIC_0014110.jpg,0.0681544840335846,0.027313826605677605
./data/test/melanoma/ISIC_0014129.jpg,0.4272692799568176,0.1037367582321167
./data/test/melanoma/ISIC_0014148.jpg,0.06529047340154648,0.7227541208267212
./data/test/melanoma/ISIC_0014160.jpg,0.35647279024124146,0.03781289607286453
./data/test/melanoma/ISIC_0014181.jpg,0.24278412759304047,0.4862285256385803
./data/test/melanoma/ISIC_0014186.jpg,0.15318576991558075,0.5261462926864624
./data/test/melanoma/ISIC_0014219.jpg,0.1675194799900055,0.28994038701057434
./data/test/melanoma/ISIC_0014221.jpg,0.16821132600307465,0.35052192211151123
./data/test/melanoma/ISIC_0014233.jpg,0.24159671366214752,0.35667356848716736
./data/test/melanoma/ISIC_0014255.jpg,0.25443559885025024,0.4278527796268463
./data/test/melanoma/ISIC_0014270.jpg,0.21253325045108795,0.16704712808132172
./data/test/melanoma/ISIC_0014284.jpg,0.21849720180034637,0.07368150353431702
./data/test/melanoma/ISIC_0014288.jpg,0.07501721382141113,0.14346542954444885
./data/test/melanoma/ISIC_0014319.jpg,0.07775313407182693,0.004933140240609646
./data/test/melanoma/ISIC_0014336.jpg,0.23007947206497192,0.13962319493293762
./data/test/melanoma/ISIC_0014349.jpg,0.1538091003894806,0.10115517675876617
./data/test/melanoma/ISIC_0014369.jpg,0.4318467080593109,0.022032251581549644
./data/test/melanoma/ISIC_0014423.jpg,0.20182205736637115,0.04685765504837036
./data/test/melanoma/ISIC_0014434.jpg,0.136055588722229,0.5905753374099731
./data/test/melanoma/ISIC_0014454.jpg,0.13337823748588562,0.23304668068885803
./data/test/melanoma/ISIC_0014478.jpg,0.3793848156929016,0.06732498109340668
./data/test/melanoma/ISIC_0014489.jpg,0.10099232196807861,0.008302859030663967
./data/test/melanoma/ISIC_0014506.jpg,0.40047910809516907,0.19714392721652985
./data/test/melanoma/ISIC_0014513.jpg,0.14225919544696808,0.1985749453306198
./data/test/melanoma/ISIC_0014541.jpg,0.392866313457489,0.24979500472545624
./data/test/melanoma/ISIC_0014542.jpg,0.37721794843673706,0.008447590284049511
./data/test/melanoma/ISIC_0014546.jpg,0.1693030297756195,0.16045887768268585
./data/test/melanoma/ISIC_0014548.jpg,0.3242650628089905,0.0903472751379013
./data/test/melanoma/ISIC_0014559.jpg,0.5989108085632324,0.030516793951392174
./data/test/melanoma/ISIC_0014663.jpg,0.20060095191001892,0.07643783837556839
./data/test/melanoma/ISIC_0014666.jpg,0.3089749813079834,0.3200031518936157
./data/test/melanoma/ISIC_0014695.jpg,0.08221343159675598,0.41438227891921997
./data/test/melanoma/ISIC_0014703.jpg,0.297187477350235,0.1708645522594452
./data/test/melanoma/ISIC_0014727.jpg,0.3571341335773468,0.32395631074905396
./data/test/melanoma/ISIC_0014766.jpg,0.28668874502182007,0.11092734336853027
./data/test/melanoma/ISIC_0014772.jpg,0.29998579621315,0.14773736894130707
./data/test/melanoma/ISIC_0014784.jpg,0.378456175327301,0.2040066421031952
./data/test/melanoma/ISIC_0014790.jpg,0.3636254072189331,0.28329944610595703
./data/test/melanoma/ISIC_0014800.jpg,0.36794233322143555,0.11954031884670258
./data/test/melanoma/ISIC_0014826.jpg,0.13609352707862854,0.006410789210349321
./data/test/melanoma/ISIC_0014862.jpg,0.31834647059440613,0.04141293466091156
./data/test/melanoma/ISIC_0014872.jpg,0.18085084855556488,0.48373186588287354
./data/test/melanoma/ISIC_0014883.jpg,0.2435407191514969,0.03481225669384003
./data/test/melanoma/ISIC_0014912.jpg,0.3229076564311981,0.13718484342098236
./data/test/melanoma/ISIC_0014928.jpg,0.31712186336517334,0.14736159145832062
./data/test/melanoma/ISIC_0014932.jpg,0.18660113215446472,0.12768259644508362
./data/test/melanoma/ISIC_0014963.jpg,0.35662445425987244,0.01725301519036293
./data/test/melanoma/ISIC_0014982.jpg,0.22348415851593018,0.18950289487838745
./data/test/melanoma/ISIC_0015004.jpg,0.4190444350242615,0.11425799131393433
./data/test/melanoma/ISIC_0015041.jpg,0.4006403684616089,0.04545656219124794
./data/test/melanoma/ISIC_0015046.jpg,0.26346975564956665,0.10652045160531998
./data/test/melanoma/ISIC_0015050.jpg,0.10914380848407745,0.03692912310361862
./data/test/melanoma/ISIC_0015071.jpg,0.30930018424987793,0.08778892457485199
./data/test/melanoma/ISIC_0015115.jpg,0.41936254501342773,0.07552396506071091
./data/test/melanoma/ISIC_0015119.jpg,0.376304030418396,0.020871413871645927
./data/test/melanoma/ISIC_0015127.jpg,0.06493745744228363,0.1781281977891922
./data/test/melanoma/ISIC_0015132.jpg,0.32781633734703064,0.13190233707427979
./data/test/melanoma/ISIC_0015133.jpg,0.40144774317741394,0.17912213504314423
./data/test/melanoma/ISIC_0015136.jpg,0.1980844885110855,0.07079610228538513
./data/test/melanoma/ISIC_0015142.jpg,0.23382429778575897,0.3615303337574005
./data/test/melanoma/ISIC_0015156.jpg,0.12494050711393356,0.06650946289300919
./data/test/melanoma/ISIC_0015163.jpg,0.3866516351699829,0.31701934337615967
./data/test/melanoma/ISIC_0015167.jpg,0.07759654521942139,0.7066233158111572
./data/test/melanoma/ISIC_0015180.jpg,0.31590893864631653,0.25862929224967957
./data/test/melanoma/ISIC_0015185.jpg,0.153164803981781,0.42742884159088135
./data/test/melanoma/ISIC_0015193.jpg,0.19121819734573364,0.030665772035717964
./data/test/melanoma/ISIC_0015206.jpg,0.28739672899246216,0.025372110307216644
./data/test/melanoma/ISIC_0015229.jpg,0.2533150613307953,0.48108842968940735
./data/test/melanoma/ISIC_0015251.jpg,0.41073423624038696,0.16472598910331726
./data/test/nevus/ISIC_0012092.jpg,0.3278470039367676,0.022897671908140182
./data/test/nevus/ISIC_0012095.jpg,0.07778482139110565,0.0449632927775383
./data/test/nevus/ISIC_0012147.jpg,0.11380431056022644,0.02743392251431942
./data/test/nevus/ISIC_0012149.jpg,0.04356827959418297,0.4049479365348816
./data/test/nevus/ISIC_0012152.jpg,0.08148601651191711,0.1686723232269287
./data/test/nevus/ISIC_0012216.jpg,0.41014790534973145,0.22965046763420105
./data/test/nevus/ISIC_0012357.jpg,0.46001702547073364,0.13722743093967438
./data/test/nevus/ISIC_0012484.jpg,0.061767272651195526,0.6848339438438416
./data/test/nevus/ISIC_0012493.jpg,0.11350701749324799,0.2087671309709549
./data/test/nevus/ISIC_0012551.jpg,0.08293706923723221,0.029487369582057
./data/test/nevus/ISIC_0012654.jpg,0.03363773599267006,0.046806756407022476
./data/test/nevus/ISIC_0012656.jpg,0.11311621218919754,0.017915967851877213
./data/test/nevus/ISIC_0012708.jpg,0.11034968495368958,0.23278570175170898
./data/test/nevus/ISIC_0012722.jpg,0.07550367712974548,0.02414126694202423
./data/test/nevus/ISIC_0012803.jpg,0.05010940134525299,0.4098733961582184
./data/test/nevus/ISIC_0012836.jpg,0.30262884497642517,0.33853042125701904
./data/test/nevus/ISIC_0012837.jpg,0.14773878455162048,0.1941053867340088
./data/test/nevus/ISIC_0012903.jpg,0.05901309847831726,0.0055648284032940865
./data/test/nevus/ISIC_0012904.jpg,0.02764679491519928,0.2949671149253845
./data/test/nevus/ISIC_0012941.jpg,0.008805242367088795,0.6593466997146606
./data/test/nevus/ISIC_0012967.jpg,0.04201211407780647,0.1891777515411377
./data/test/nevus/ISIC_0013045.jpg,0.06249174848198891,0.0016674281796440482
./data/test/nevus/ISIC_0013070.jpg,0.08137515932321548,0.023079603910446167
./data/test/nevus/ISIC_0013109.jpg,0.1310296356678009,0.036609623581171036
./data/test/nevus/ISIC_0013159.jpg,0.07788591086864471,0.7092986106872559
./data/test/nevus/ISIC_0013164.jpg,0.07381056249141693,0.38224995136260986
./data/test/nevus/ISIC_0013176.jpg,0.1402623951435089,0.016994547098875046
./data/test/nevus/ISIC_0013191.jpg,0.17565381526947021,0.24200354516506195
./data/test/nevus/ISIC_0013216.jpg,0.042787205427885056,0.22040008008480072
./data/test/nevus/ISIC_0013226.jpg,0.11526090651750565,0.07424639910459518
./data/test/nevus/ISIC_0013230.jpg,0.0756000429391861,0.00862241629511118
./data/test/nevus/ISIC_0013269.jpg,0.2131563127040863,0.010677467100322247
./data/test/nevus/ISIC_0013291.jpg,0.07448092103004456,0.04091084748506546
./data/test/nevus/ISIC_0013325.jpg,0.2703635096549988,0.3191695213317871
./data/test/nevus/ISIC_0013399.jpg,0.0617477148771286,0.10697580873966217
./data/test/nevus/ISIC_0013416.jpg,0.06817126274108887,0.0132959745824337
./data/test/nevus/ISIC_0013511.jpg,0.2267693132162094,0.49009791016578674
./data/test/nevus/ISIC_0013512.jpg,0.17767389118671417,0.1764296144247055
./data/test/nevus/ISIC_0013529.jpg,0.13208366930484772,0.05623536556959152
./data/test/nevus/ISIC_0013600.jpg,0.030578792095184326,0.08080004155635834
./data/test/nevus/ISIC_0013602.jpg,0.33261802792549133,0.1685701310634613
./data/test/nevus/ISIC_0013738.jpg,0.06957031041383743,0.10955874621868134
./data/test/nevus/ISIC_0013794.jpg,0.040063824504613876,0.004661660175770521
./data/test/nevus/ISIC_0013809.jpg,0.37392595410346985,0.05516846850514412
./data/test/nevus/ISIC_0013891.jpg,0.09363870322704315,0.10292083024978638
./data/test/nevus/ISIC_0013897.jpg,0.2188854217529297,0.3791145980358124
./data/test/nevus/ISIC_0013911.jpg,0.2011987417936325,0.3965998888015747
./data/test/nevus/ISIC_0013966.jpg,0.026719780638813972,0.808173656463623
./data/test/nevus/ISIC_0013998.jpg,0.11565984040498734,0.015416492708027363
./data/test/nevus/ISIC_0014090.jpg,0.059093326330184937,0.018584227189421654
./data/test/nevus/ISIC_0014117.jpg,0.14195139706134796,0.023243354633450508
./data/test/nevus/ISIC_0014470.jpg,0.03837910294532776,0.5068430304527283
./data/test/nevus/ISIC_0014675.jpg,0.18243645131587982,0.055843714624643326
./data/test/nevus/ISIC_0014677.jpg,0.044912490993738174,0.026158366352319717
./data/test/nevus/ISIC_0014687.jpg,0.20068928599357605,0.043907493352890015
./data/test/nevus/ISIC_0014693.jpg,0.21043069660663605,0.01833673007786274
./data/test/nevus/ISIC_0014697.jpg,0.23261606693267822,0.24681472778320312
./data/test/nevus/ISIC_0014698.jpg,0.10879587382078171,0.1712120920419693
./data/test/nevus/ISIC_0014720.jpg,0.1298556923866272,0.03653431311249733
./data/test/nevus/ISIC_0014725.jpg,0.1327475905418396,0.09120020270347595
./data/test/nevus/ISIC_0014728.jpg,0.17768749594688416,0.03761611506342888
./data/test/nevus/ISIC_0014729.jpg,0.30552929639816284,0.3638931214809418
./data/test/nevus/ISIC_0014740.jpg,0.14676234126091003,0.606389582157135
./data/test/nevus/ISIC_0014743.jpg,0.19573292136192322,0.11930040270090103
./data/test/nevus/ISIC_0014746.jpg,0.14427994191646576,0.0369340144097805
./data/test/nevus/ISIC_0014749.jpg,0.2267497330904007,0.043902747333049774
./data/test/nevus/ISIC_0014753.jpg,0.1313755363225937,0.04653443768620491
./data/test/nevus/ISIC_0014755.jpg,0.1986759901046753,0.03901883214712143
./data/test/nevus/ISIC_0014765.jpg,0.08787377178668976,0.06601052731275558
./data/test/nevus/ISIC_0014768.jpg,0.1591905951499939,0.021146345883607864
./data/test/nevus/ISIC_0014773.jpg,0.1538885235786438,0.17329628765583038
./data/test/nevus/ISIC_0014780.jpg,0.18426395952701569,0.025850500911474228
./data/test/nevus/ISIC_0014786.jpg,0.43410399556159973,0.16031129658222198
./data/test/nevus/ISIC_0014787.jpg,0.24435211718082428,0.07151202857494354
./data/test/nevus/ISIC_0014792.jpg,0.048198480159044266,0.7835007309913635
./data/test/nevus/ISIC_0014796.jpg,0.11805366724729538,0.04016142711043358
./data/test/nevus/ISIC_0014798.jpg,0.13378801941871643,0.041791513562202454
./data/test/nevus/ISIC_0014807.jpg,0.2825332283973694,0.052225954830646515
./data/test/nevus/ISIC_0014814.jpg,0.15127113461494446,0.012523295357823372
./data/test/nevus/ISIC_0014815.jpg,0.23604823648929596,0.1268548220396042
./data/test/nevus/ISIC_0014820.jpg,0.08580593764781952,0.0700482502579689
./data/test/nevus/ISIC_0014822.jpg,0.06512274593114853,0.056274063885211945
./data/test/nevus/ISIC_0014833.jpg,0.09415295720100403,0.059574492275714874
./data/test/nevus/ISIC_0014835.jpg,0.34071847796440125,0.07290805876255035
./data/test/nevus/ISIC_0014844.jpg,0.15756502747535706,0.03707463666796684
./data/test/nevus/ISIC_0014853.jpg,0.07680978626012802,0.045701246708631516
./data/test/nevus/ISIC_0014854.jpg,0.08192242681980133,0.16832056641578674
./data/test/nevus/ISIC_0014863.jpg,0.23474372923374176,0.21455711126327515
./data/test/nevus/ISIC_0014867.jpg,0.2851024568080902,0.39882513880729675
./data/test/nevus/ISIC_0014868.jpg,0.14854389429092407,0.05038759112358093
./data/test/nevus/ISIC_0014876.jpg,0.08146835118532181,0.06283219158649445
./data/test/nevus/ISIC_0014879.jpg,0.016474250704050064,0.5155176520347595
./data/test/nevus/ISIC_0014901.jpg,0.14813345670700073,0.10517418384552002
./data/test/nevus/ISIC_0014907.jpg,0.05518720671534538,0.03999210149049759
./data/test/nevus/ISIC_0014910.jpg,0.24496713280677795,0.4070841073989868
./data/test/nevus/ISIC_0014921.jpg,0.16183964908123016,0.032858189195394516
./data/test/nevus/ISIC_0014927.jpg,0.11087613552808762,0.024992195889353752
./data/test/nevus/ISIC_0014936.jpg,0.07606916129589081,0.17887237668037415
./data/test/nevus/ISIC_0014938.jpg,0.12065295875072479,0.012483840808272362
./data/test/nevus/ISIC_0014940.jpg,0.22858849167823792,0.008579960092902184
./data/test/nevus/ISIC_0014941.jpg,0.07675386220216751,0.0011153597151860595
./data/test/nevus/ISIC_0014942.jpg,0.08816342800855637,0.10960432142019272
./data/test/nevus/ISIC_0014943.jpg,0.2297711968421936,0.15458644926548004
./data/test/nevus/ISIC_0014944.jpg,0.06586769968271255,0.024006973952054977
./data/test/nevus/ISIC_0014947.jpg,0.19566293060779572,0.01335858553647995
./data/test/nevus/ISIC_0014948.jpg,0.33025091886520386,0.004661621991544962
./data/test/nevus/ISIC_0014949.jpg,0.14014792442321777,0.015120912343263626
./data/test/nevus/ISIC_0014952.jpg,0.12050918489694595,0.1924823820590973
./data/test/nevus/ISIC_0014955.jpg,0.44401466846466064,0.02189512737095356
./data/test/nevus/ISIC_0014956.jpg,0.3766050934791565,0.0985766127705574
./data/test/nevus/ISIC_0014957.jpg,0.0702473521232605,0.044104691594839096
./data/test/nevus/ISIC_0014958.jpg,0.3455302119255066,0.2585225999355316
./data/test/nevus/ISIC_0014959.jpg,0.12360335886478424,0.01906488463282585
./data/test/nevus/ISIC_0014961.jpg,0.10664461553096771,0.015153554268181324
./data/test/nevus/ISIC_0014962.jpg,0.31262895464897156,0.10365452617406845
./data/test/nevus/ISIC_0014964.jpg,0.14096547663211823,0.023592205718159676
./data/test/nevus/ISIC_0014966.jpg,0.24130359292030334,0.017130639404058456
./data/test/nevus/ISIC_0014968.jpg,0.41481146216392517,0.02714790590107441
./data/test/nevus/ISIC_0014969.jpg,0.31802690029144287,0.13583862781524658
./data/test/nevus/ISIC_0014973.jpg,0.08987059444189072,0.01193110179156065
./data/test/nevus/ISIC_0014974.jpg,0.19257500767707825,0.3537040948867798
./data/test/nevus/ISIC_0014977.jpg,0.17277193069458008,0.030353035777807236
./data/test/nevus/ISIC_0014992.jpg,0.1861051321029663,0.05145185440778732
./data/test/nevus/ISIC_0014994.jpg,0.2659129202365875,0.13765768706798553
./data/test/nevus/ISIC_0014998.jpg,0.18390658497810364,0.06518568098545074
./data/test/nevus/ISIC_0015002.jpg,0.30817320942878723,0.3392280042171478
./data/test/nevus/ISIC_0015003.jpg,0.15129044651985168,0.06651178002357483
./data/test/nevus/ISIC_0015007.jpg,0.15338708460330963,0.04948803782463074
./data/test/nevus/ISIC_0015008.jpg,0.17450493574142456,0.06414578855037689
./data/test/nevus/ISIC_0015009.jpg,0.3203582167625427,0.2700039744377136
./data/test/nevus/ISIC_0015011.jpg,0.1509893834590912,0.08313643932342529
./data/test/nevus/ISIC_0015013.jpg,0.19093647599220276,0.06512676924467087
./data/test/nevus/ISIC_0015015.jpg,0.28431013226509094,0.08888837695121765
./data/test/nevus/ISIC_0015016.jpg,0.15543203055858612,0.025174425914883614
./data/test/nevus/ISIC_0015018.jpg,0.11297300457954407,0.026868222281336784
./data/test/nevus/ISIC_0015019.jpg,0.011597627773880959,0.8235797882080078
./data/test/nevus/ISIC_0015020.jpg,0.19689807295799255,0.022433411329984665
./data/test/nevus/ISIC_0015021.jpg,0.14968186616897583,0.0463680624961853
./data/test/nevus/ISIC_0015023.jpg,0.3088371753692627,0.31226348876953125
./data/test/nevus/ISIC_0015026.jpg,0.3762304186820984,0.3290867507457733
./data/test/nevus/ISIC_0015030.jpg,0.1457650512456894,0.027158066630363464
./data/test/nevus/ISIC_0015031.jpg,0.08209151774644852,0.3778093457221985
./data/test/nevus/ISIC_0015034.jpg,0.19833925366401672,0.17645642161369324
./data/test/nevus/ISIC_0015035.jpg,0.25696220993995667,0.08381982892751694
./data/test/nevus/ISIC_0015037.jpg,0.18070225417613983,0.04802859574556351
./data/test/nevus/ISIC_0015040.jpg,0.12960752844810486,0.044863030314445496
./data/test/nevus/ISIC_0015051.jpg,0.19588503241539001,0.1867750585079193
./data/test/nevus/ISIC_0015056.jpg,0.3498775362968445,0.1600755900144577
./data/test/nevus/ISIC_0015057.jpg,0.16862817108631134,0.0922035276889801
./data/test/nevus/ISIC_0015060.jpg,0.03951888158917427,0.42089489102363586
./data/test/nevus/ISIC_0015064.jpg,0.3518822491168976,0.07044253498315811
./data/test/nevus/ISIC_0015078.jpg,0.03412698954343796,0.6871020197868347
./data/test/nevus/ISIC_0015089.jpg,0.17817112803459167,0.09135898947715759
./data/test/nevus/ISIC_0015102.jpg,0.25782310962677,0.07936703413724899
./data/test/nevus/ISIC_0015118.jpg,0.15283751487731934,0.027269121259450912
./data/test/nevus/ISIC_0015125.jpg,0.10670682787895203,0.04031876102089882
./data/test/nevus/ISIC_0015129.jpg,0.0938311442732811,0.6286371946334839
./data/test/nevus/ISIC_0015130.jpg,0.09525588899850845,0.28939148783683777
./data/test/nevus/ISIC_0015139.jpg,0.3390656113624573,0.04184100404381752
./data/test/nevus/ISIC_0015140.jpg,0.40752077102661133,0.02917530946433544
./data/test/nevus/ISIC_0015146.jpg,0.07777033001184464,0.039991240948438644
./data/test/nevus/ISIC_0015149.jpg,0.19492414593696594,0.11133519560098648
./data/test/nevus/ISIC_0015150.jpg,0.20565611124038696,0.10186952352523804
./data/test/nevus/ISIC_0015152.jpg,0.19956527650356293,0.06377466022968292
./data/test/nevus/ISIC_0015155.jpg,0.25173914432525635,0.04424546658992767
./data/test/nevus/ISIC_0015157.jpg,0.26297420263290405,0.15420418977737427
./data/test/nevus/ISIC_0015160.jpg,0.28140878677368164,0.08484761416912079
./data/test/nevus/ISIC_0015161.jpg,0.1601535677909851,0.042665038257837296
./data/test/nevus/ISIC_0015171.jpg,0.1722688227891922,0.08614632487297058
./data/test/nevus/ISIC_0015173.jpg,0.3100018799304962,0.22484995424747467
./data/test/nevus/ISIC_0015174.jpg,0.10235702246427536,0.09517145901918411
./data/test/nevus/ISIC_0015175.jpg,0.1755838245153427,0.025914255529642105
./data/test/nevus/ISIC_0015176.jpg,0.16292153298854828,0.12433862686157227
./data/test/nevus/ISIC_0015179.jpg,0.14140954613685608,0.10758110135793686
./data/test/nevus/ISIC_0015184.jpg,0.02406693436205387,0.71249920129776
./data/test/nevus/ISIC_0015201.jpg,0.15900398790836334,0.007299536373466253
./data/test/nevus/ISIC_0015202.jpg,0.054266467690467834,0.012525435537099838
./data/test/nevus/ISIC_0015203.jpg,0.3956492245197296,0.3271525204181671
./data/test/nevus/ISIC_0015207.jpg,0.24657736718654633,0.1549304723739624
./data/test/nevus/ISIC_0015208.jpg,0.35425716638565063,0.02393997088074684
./data/test/nevus/ISIC_0015212.jpg,0.0830654576420784,0.11631327122449875
./data/test/nevus/ISIC_0015215.jpg,0.13749229907989502,0.01636912114918232
./data/test/nevus/ISIC_0015216.jpg,0.11960745602846146,0.0412030853331089
./data/test/nevus/ISIC_0015217.jpg,0.058406293392181396,0.025623779743909836
./data/test/nevus/ISIC_0015218.jpg,0.13452257215976715,0.11259283870458603
./data/test/nevus/ISIC_0015223.jpg,0.0497293695807457,0.5195497274398804
./data/test/nevus/ISIC_0015224.jpg,0.26121726632118225,0.1808333545923233
./data/test/nevus/ISIC_0015226.jpg,0.13032490015029907,0.08173775672912598
./data/test/nevus/ISIC_0015232.jpg,0.2911560535430908,0.3926456868648529
./data/test/nevus/ISIC_0015237.jpg,0.3034903109073639,0.03902997821569443
./data/test/nevus/ISIC_0015241.jpg,0.11849159747362137,0.11073728650808334
./data/test/nevus/ISIC_0015244.jpg,0.2838610112667084,0.08583155274391174
./data/test/nevus/ISIC_0015245.jpg,0.09318801015615463,0.02398696355521679
./data/test/nevus/ISIC_0015250.jpg,0.332673043012619,0.0848524272441864
./data/test/nevus/ISIC_0015254.jpg,0.32721856236457825,0.11499471217393875
./data/test/nevus/ISIC_0015255.jpg,0.20835299789905548,0.07632650434970856
./data/test/nevus/ISIC_0015258.jpg,0.17575204372406006,0.0802120491862297
./data/test/nevus/ISIC_0015264.jpg,0.0748337134718895,0.14779140055179596
./data/test/nevus/ISIC_0015270.jpg,0.16557152569293976,0.4747048318386078
./data/test/nevus/ISIC_0015273.jpg,0.13093389570713043,0.4849753975868225
./data/test/nevus/ISIC_0015274.jpg,0.1453811675310135,0.031541693955659866
./data/test/nevus/ISIC_0015276.jpg,0.3380356431007385,0.12604202330112457
./data/test/nevus/ISIC_0015279.jpg,0.2094864845275879,0.1002654880285263
./data/test/nevus/ISIC_0015283.jpg,0.18372051417827606,0.03534011170268059
./data/test/nevus/ISIC_0015291.jpg,0.19321896135807037,0.15741556882858276
./data/test/nevus/ISIC_0015293.jpg,0.04163398593664169,0.25679612159729004
./data/test/nevus/ISIC_0015298.jpg,0.0831390842795372,0.18574829399585724
./data/test/nevus/ISIC_0015309.jpg,0.22259590029716492,0.2806873023509979
./data/test/nevus/ISIC_0015310.jpg,0.17662042379379272,0.0487273633480072
./data/test/nevus/ISIC_0015311.jpg,0.1813395619392395,0.024318521842360497
./data/test/nevus/ISIC_0015312.jpg,0.15566007792949677,0.3255896270275116
./data/test/nevus/ISIC_0015330.jpg,0.02281559258699417,0.3529203534126282
./data/test/nevus/ISIC_0015331.jpg,0.19145315885543823,0.08985209465026855
./data/test/nevus/ISIC_0015347.jpg,0.02909359335899353,0.08702705055475235
./data/test/nevus/ISIC_0015353.jpg,0.2244011014699936,0.031595539301633835
./data/test/nevus/ISIC_0015355.jpg,0.21560867130756378,0.12207022309303284
./data/test/nevus/ISIC_0015357.jpg,0.09624870866537094,0.10756443440914154
./data/test/nevus/ISIC_0015360.jpg,0.08702320605516434,0.008982785977423191
./data/test/nevus/ISIC_0015363.jpg,0.08495412021875381,0.2842280864715576
./data/test/nevus/ISIC_0015364.jpg,0.298330157995224,0.041332047432661057
./data/test/nevus/ISIC_0015368.jpg,0.14283721148967743,0.025520792230963707
./data/test/nevus/ISIC_0015369.jpg,0.11225628852844238,0.18761581182479858
./data/test/nevus/ISIC_0015383.jpg,0.21621115505695343,0.009732709266245365
./data/test/nevus/ISIC_0015386.jpg,0.26876595616340637,0.04140010103583336
./data/test/nevus/ISIC_0015390.jpg,0.3328799307346344,0.04204336926341057
./data/test/nevus/ISIC_0015395.jpg,0.11191423237323761,0.10186372697353363
./data/test/nevus/ISIC_0015403.jpg,0.43506887555122375,0.19877848029136658
./data/test/nevus/ISIC_0015404.jpg,0.5728057026863098,0.037795692682266235
./data/test/nevus/ISIC_0015411.jpg,0.14526914060115814,0.3553818464279175
./data/test/nevus/ISIC_0015412.jpg,0.14442116022109985,0.011521062813699245
./data/test/nevus/ISIC_0015416.jpg,0.47099190950393677,0.06744635850191116
./data/test/nevus/ISIC_0015417.jpg,0.1352785974740982,0.08923070877790451
./data/test/nevus/ISIC_0015418.jpg,0.12617795169353485,0.1293257772922516
./data/test/nevus/ISIC_0015419.jpg,0.11705168336629868,0.21014700829982758
./data/test/nevus/ISIC_0015436.jpg,0.3511348366737366,0.1480996012687683
./data/test/nevus/ISIC_0015440.jpg,0.29818278551101685,0.27833062410354614
./data/test/nevus/ISIC_0015447.jpg,0.12739059329032898,0.04262075945734978
./data/test/nevus/ISIC_0015455.jpg,0.15071238577365875,0.0890861451625824
./data/test/nevus/ISIC_0015464.jpg,0.25834158062934875,0.007083683740347624
./data/test/nevus/ISIC_0015466.jpg,0.08618096262216568,0.06234032288193703
./data/test/nevus/ISIC_0015468.jpg,0.1793152391910553,0.021739397197961807
./data/test/nevus/ISIC_0015476.jpg,0.10810467600822449,0.02853814885020256
./data/test/nevus/ISIC_0015481.jpg,0.18384572863578796,0.0970449447631836
./data/test/nevus/ISIC_0015482.jpg,0.10217960923910141,0.035501834005117416
./data/test/nevus/ISIC_0015485.jpg,0.09648049622774124,0.33247941732406616
./data/test/nevus/ISIC_0015510.jpg,0.30340510606765747,0.07038800418376923
./data/test/nevus/ISIC_0015526.jpg,0.2968454360961914,0.008762716315686703
./data/test/nevus/ISIC_0015537.jpg,0.19801126420497894,0.091236911714077
./data/test/nevus/ISIC_0015544.jpg,0.31161513924598694,0.054751649498939514
./data/test/nevus/ISIC_0015559.jpg,0.4155539572238922,0.08260676264762878
./data/test/nevus/ISIC_0015563.jpg,0.28347253799438477,0.21516504883766174
./data/test/nevus/ISIC_0015566.jpg,0.1975642442703247,0.004581425338983536
./data/test/nevus/ISIC_0015568.jpg,0.3376014232635498,0.016275739297270775
./data/test/nevus/ISIC_0015582.jpg,0.2816803753376007,0.0725458413362503
./data/test/nevus/ISIC_0015593.jpg,0.0740402340888977,0.020366912707686424
./data/test/nevus/ISIC_0015603.jpg,0.12243708223104477,0.01769012212753296
./data/test/nevus/ISIC_0015607.jpg,0.1859462559223175,0.5457101464271545
./data/test/nevus/ISIC_0015614.jpg,0.11631159484386444,0.4259786903858185
./data/test/nevus/ISIC_0015617.jpg,0.062220338732004166,0.01566373184323311
./data/test/nevus/ISIC_0015625.jpg,0.3502653241157532,0.02025710791349411
./data/test/nevus/ISIC_0015631.jpg,0.06901217997074127,0.06368236243724823
./data/test/nevus/ISIC_0015636.jpg,0.2531431317329407,0.17323696613311768
./data/test/nevus/ISIC_0015638.jpg,0.12102636694908142,0.030529601499438286
./data/test/nevus/ISIC_0015641.jpg,0.036919306963682175,0.4894869327545166
./data/test/nevus/ISIC_0015645.jpg,0.12577126920223236,0.024953540414571762
./data/test/nevus/ISIC_0015936.jpg,0.08229734003543854,0.4220120906829834
./data/test/nevus/ISIC_0015937.jpg,0.0243624709546566,0.002905162749812007
./data/test/nevus/ISIC_0015938.jpg,0.24106831848621368,0.231061652302742
./data/test/nevus/ISIC_0015939.jpg,0.1547749638557434,0.02982642687857151
./data/test/nevus/ISIC_0015940.jpg,0.03037208318710327,0.056445494294166565
./data/test/nevus/ISIC_0015941.jpg,0.033482830971479416,0.002704192651435733
./data/test/nevus/ISIC_0015942.jpg,0.053678419440984726,0.004183194134384394
./data/test/nevus/ISIC_0015943.jpg,0.23822501301765442,0.018297331407666206
./data/test/nevus/ISIC_0015944.jpg,0.17120912671089172,0.4584599733352661
./data/test/nevus/ISIC_0015945.jpg,0.0797661617398262,0.020852815359830856
./data/test/nevus/ISIC_0015946.jpg,0.09558843821287155,0.01364063285291195
./data/test/nevus/ISIC_0015947.jpg,0.07098314166069031,0.055599503219127655
./data/test/nevus/ISIC_0015948.jpg,0.04132771119475365,0.006779605057090521
./data/test/nevus/ISIC_0015949.jpg,0.04002245515584946,0.01193187478929758
./data/test/nevus/ISIC_0015950.jpg,0.05136657506227493,0.012324333190917969
./data/test/nevus/ISIC_0015951.jpg,0.11823340505361557,0.0778593048453331
./data/test/nevus/ISIC_0015952.jpg,0.040983110666275024,0.20818214118480682
./data/test/nevus/ISIC_0015953.jpg,0.14844779670238495,0.09727287292480469
./data/test/nevus/ISIC_0015954.jpg,0.02625826559960842,0.0023334536235779524
./data/test/nevus/ISIC_0015955.jpg,0.03680489957332611,0.21510761976242065
./data/test/nevus/ISIC_0015956.jpg,0.020983673632144928,0.26519060134887695
./data/test/nevus/ISIC_0015957.jpg,0.2815869450569153,0.31873223185539246
./data/test/nevus/ISIC_0015958.jpg,0.07119609415531158,0.40027788281440735
./data/test/nevus/ISIC_0015959.jpg,0.04021530598402023,0.005045205820351839
./data/test/nevus/ISIC_0015960.jpg,0.23623934388160706,0.04639936611056328
./data/test/nevus/ISIC_0015961.jpg,0.22367267310619354,0.008661921136081219
./data/test/nevus/ISIC_0015962.jpg,0.06312210112810135,0.0068658157251775265
./data/test/nevus/ISIC_0015963.jpg,0.0876820757985115,0.10970564931631088
./data/test/nevus/ISIC_0015964.jpg,0.05667980760335922,0.012921629473567009
./data/test/nevus/ISIC_0015965.jpg,0.08382938802242279,0.08890090882778168
./data/test/nevus/ISIC_0015966.jpg,0.05447259917855263,0.6269258260726929
./data/test/nevus/ISIC_0015967.jpg,0.12651225924491882,0.0839359313249588
./data/test/nevus/ISIC_0015968.jpg,0.38058197498321533,0.05732530727982521
./data/test/nevus/ISIC_0015969.jpg,0.09589169919490814,0.2066671997308731
./data/test/nevus/ISIC_0015971.jpg,0.08303745836019516,0.01345528569072485
./data/test/nevus/ISIC_0015972.jpg,0.09707950800657272,0.41219058632850647
./data/test/nevus/ISIC_0015973.jpg,0.050618819892406464,0.43834197521209717
./data/test/nevus/ISIC_0015974.jpg,0.026585295796394348,0.670071542263031
./data/test/nevus/ISIC_0015975.jpg,0.06648794561624527,0.020243627950549126
./data/test/nevus/ISIC_0015976.jpg,0.05407005921006203,0.001956507796421647
./data/test/nevus/ISIC_0015978.jpg,0.034050796180963516,0.21993041038513184
./data/test/nevus/ISIC_0015979.jpg,0.034229669719934464,0.4676605761051178
./data/test/nevus/ISIC_0015980.jpg,0.0864834114909172,0.007838358171284199
./data/test/nevus/ISIC_0015981.jpg,0.23950935900211334,0.3011944591999054
./data/test/nevus/ISIC_0015982.jpg,0.07526469975709915,0.017388595268130302
./data/test/nevus/ISIC_0015983.jpg,0.10052956640720367,0.2765428125858307
./data/test/nevus/ISIC_0015984.jpg,0.04023417830467224,0.27301570773124695
./data/test/nevus/ISIC_0015985.jpg,0.08444277942180634,0.04751243069767952
./data/test/nevus/ISIC_0015986.jpg,0.04570484533905983,0.06375442445278168
./data/test/nevus/ISIC_0015987.jpg,0.05964018777012825,0.05493845418095589
./data/test/nevus/ISIC_0015988.jpg,0.07955136895179749,0.0034249972086399794
./data/test/nevus/ISIC_0015989.jpg,0.17804652452468872,0.048651278018951416
./data/test/nevus/ISIC_0015990.jpg,0.0962100401520729,0.004971223883330822
./data/test/nevus/ISIC_0015991.jpg,0.14640070497989655,0.33074793219566345
./data/test/nevus/ISIC_0015992.jpg,0.040981560945510864,0.003920528572052717
./data/test/nevus/ISIC_0015993.jpg,0.07177454233169556,0.002638094360008836
./data/test/nevus/ISIC_0015994.jpg,0.06499404460191727,0.0032980681862682104
./data/test/nevus/ISIC_0015995.jpg,0.2537090480327606,0.07703758776187897
./data/test/nevus/ISIC_0015996.jpg,0.12642543017864227,0.05060645192861557
./data/test/nevus/ISIC_0015997.jpg,0.1575314998626709,0.03462377190589905
./data/test/nevus/ISIC_0015998.jpg,0.11400319635868073,0.03398769721388817
./data/test/nevus/ISIC_0015999.jpg,0.03833858668804169,0.016480596736073494
./data/test/nevus/ISIC_0016000.jpg,0.6186270713806152,0.0027413906063884497
./data/test/nevus/ISIC_0016001.jpg,0.33389243483543396,0.3972585201263428
./data/test/nevus/ISIC_0016002.jpg,0.07075517624616623,0.03552227467298508
./data/test/nevus/ISIC_0016003.jpg,0.13062772154808044,0.10251359641551971
./data/test/nevus/ISIC_0016004.jpg,0.12158308923244476,0.39973995089530945
./data/test/nevus/ISIC_0016005.jpg,0.14077186584472656,0.08291464298963547
./data/test/nevus/ISIC_0016006.jpg,0.07039351016283035,0.20845291018486023
./data/test/nevus/ISIC_0016007.jpg,0.04331093281507492,0.42478808760643005
./data/test/nevus/ISIC_0016008.jpg,0.225706085562706,0.14901748299598694
./data/test/nevus/ISIC_0016009.jpg,0.09642542153596878,0.0307278074324131
./data/test/nevus/ISIC_0016011.jpg,0.011421138420701027,0.8179213404655457
./data/test/nevus/ISIC_0016012.jpg,0.06495694071054459,0.031409166753292084
./data/test/nevus/ISIC_0016013.jpg,0.0268231388181448,0.18941913545131683
./data/test/nevus/ISIC_0016014.jpg,0.08884376287460327,0.011456121690571308
./data/test/nevus/ISIC_0016015.jpg,0.10961870849132538,0.0300705935806036
./data/test/nevus/ISIC_0016016.jpg,0.20034778118133545,0.29669222235679626
./data/test/nevus/ISIC_0016017.jpg,0.038688335567712784,0.00496723921969533
./data/test/nevus/ISIC_0016018.jpg,0.09203803539276123,0.08537296205759048
./data/test/nevus/ISIC_0016019.jpg,0.20836901664733887,0.3353124260902405
./data/test/nevus/ISIC_0016022.jpg,0.05932236835360527,0.010240752249956131
./data/test/nevus/ISIC_0016023.jpg,0.022178776562213898,0.7630298137664795
./data/test/nevus/ISIC_0016024.jpg,0.11730056256055832,0.1194254606962204
./data/test/nevus/ISIC_0016025.jpg,0.23406387865543365,0.0306124035269022
./data/test/nevus/ISIC_0016026.jpg,0.0634579211473465,0.18670447170734406
./data/test/nevus/ISIC_0016027.jpg,0.0970340371131897,0.03502944856882095
./data/test/nevus/ISIC_0016028.jpg,0.0401516817510128,0.2045755535364151
./data/test/nevus/ISIC_0016029.jpg,0.08089247345924377,0.08902516216039658
./data/test/nevus/ISIC_0016030.jpg,0.19011208415031433,0.21141387522220612
./data/test/nevus/ISIC_0016031.jpg,0.20301063358783722,0.10285986214876175
./data/test/nevus/ISIC_0016033.jpg,0.06606757640838623,0.12748491764068604
./data/test/nevus/ISIC_0016034.jpg,0.20068137347698212,0.018714485689997673
./data/test/nevus/ISIC_0016035.jpg,0.2537401616573334,0.16561587154865265
./data/test/nevus/ISIC_0016036.jpg,0.3833569586277008,0.2575397789478302
./data/test/nevus/ISIC_0016037.jpg,0.07634803652763367,0.25677627325057983
./data/test/nevus/ISIC_0016038.jpg,0.03165224939584732,0.008674727752804756
./data/test/nevus/ISIC_0016040.jpg,0.25156229734420776,0.06728288531303406
./data/test/nevus/ISIC_0016041.jpg,0.10592508316040039,0.4570406377315521
./data/test/nevus/ISIC_0016042.jpg,0.05534560978412628,0.01709630712866783
./data/test/nevus/ISIC_0016043.jpg,0.2548803389072418,0.3318423628807068
./data/test/nevus/ISIC_0016044.jpg,0.08449728041887283,0.09515124559402466
./data/test/nevus/ISIC_0016045.jpg,0.05150734260678291,0.005659816320985556
./data/test/nevus/ISIC_0016046.jpg,0.13032424449920654,0.03006851300597191
./data/test/nevus/ISIC_0016048.jpg,0.05816202610731125,0.09927970170974731
./data/test/nevus/ISIC_0016049.jpg,0.19383762776851654,0.02365277148783207
./data/test/nevus/ISIC_0016050.jpg,0.13019803166389465,0.006725009996443987
./data/test/nevus/ISIC_0016051.jpg,0.0459684357047081,0.010042441077530384
./data/test/nevus/ISIC_0016052.jpg,0.24686181545257568,0.16060806810855865
./data/test/nevus/ISIC_0016053.jpg,0.19400499761104584,0.03514321148395538
./data/test/nevus/ISIC_0016054.jpg,0.20521633327007294,0.3835805654525757
./data/test/nevus/ISIC_0016055.jpg,0.22828997671604156,0.10009472072124481
./data/test/nevus/ISIC_0016056.jpg,0.05102362483739853,0.14635220170021057
./data/test/nevus/ISIC_0016057.jpg,0.09884673357009888,0.11373047530651093
./data/test/nevus/ISIC_0016058.jpg,0.07937224954366684,0.22930388152599335
./data/test/nevus/ISIC_0016059.jpg,0.048351991921663284,0.11691052466630936
./data/test/nevus/ISIC_0016060.jpg,0.1299930363893509,0.26977208256721497
./data/test/nevus/ISIC_0016061.jpg,0.09562678635120392,0.01875823736190796
./data/test/nevus/ISIC_0016062.jpg,0.2176981270313263,0.010664770379662514
./data/test/nevus/ISIC_0016063.jpg,0.09199219942092896,0.05478435754776001
./data/test/nevus/ISIC_0016064.jpg,0.12915277481079102,0.0801837295293808
./data/test/nevus/ISIC_0016065.jpg,0.07775596529245377,0.07405100762844086
./data/test/nevus/ISIC_0016066.jpg,0.38077104091644287,0.04571051895618439
./data/test/nevus/ISIC_0016068.jpg,0.5051256418228149,0.03042592480778694
./data/test/nevus/ISIC_0016069.jpg,0.049838170409202576,0.002610916504636407
./data/test/nevus/ISIC_0016070.jpg,0.08437397330999374,0.4044089913368225
./data/test/nevus/ISIC_0016071.jpg,0.08602454513311386,0.006168411113321781
./data/test/nevus/ISIC_0016072.jpg,0.283200740814209,0.09694091230630875
./data/test/seborrheic_keratosis/ISIC_0012086.jpg,0.2901684045791626,0.46228259801864624
./data/test/seborrheic_keratosis/ISIC_0012134.jpg,0.00650537246838212,0.818802535533905
./data/test/seborrheic_keratosis/ISIC_0012136.jpg,0.08299648761749268,0.4887542724609375
./data/test/seborrheic_keratosis/ISIC_0012178.jpg,0.17585331201553345,0.48279187083244324
./data/test/seborrheic_keratosis/ISIC_0012199.jpg,0.3932834267616272,0.020217442885041237
./data/test/seborrheic_keratosis/ISIC_0012207.jpg,0.009994897991418839,0.67181396484375
./data/test/seborrheic_keratosis/ISIC_0012215.jpg,0.11536750942468643,0.5915812253952026
./data/test/seborrheic_keratosis/ISIC_0012223.jpg,0.20266789197921753,0.21131493151187897
./data/test/seborrheic_keratosis/ISIC_0012240.jpg,0.010268584825098515,0.793363094329834
./data/test/seborrheic_keratosis/ISIC_0012248.jpg,0.31163185834884644,0.4300181269645691
./data/test/seborrheic_keratosis/ISIC_0012265.jpg,0.14194796979427338,0.14624913036823273
./data/test/seborrheic_keratosis/ISIC_0012266.jpg,0.05984239652752876,0.2149743139743805
./data/test/seborrheic_keratosis/ISIC_0012272.jpg,0.1451035439968109,0.31905460357666016
./data/test/seborrheic_keratosis/ISIC_0012273.jpg,0.11870401352643967,0.6324978470802307
./data/test/seborrheic_keratosis/ISIC_0012314.jpg,0.16969728469848633,0.20658789575099945
./data/test/seborrheic_keratosis/ISIC_0012323.jpg,0.08547476679086685,0.07392412424087524
./data/test/seborrheic_keratosis/ISIC_0012330.jpg,0.08306308835744858,0.637756884098053
./data/test/seborrheic_keratosis/ISIC_0012358.jpg,0.02049141563475132,0.555065929889679
./data/test/seborrheic_keratosis/ISIC_0012364.jpg,0.08521965891122818,0.3130704164505005
./data/test/seborrheic_keratosis/ISIC_0012372.jpg,0.027683742344379425,0.695997416973114
./data/test/seborrheic_keratosis/ISIC_0012375.jpg,0.012628681026399136,0.6877439022064209
./data/test/seborrheic_keratosis/ISIC_0012387.jpg,0.027935316786170006,0.6103144288063049
./data/test/seborrheic_keratosis/ISIC_0012388.jpg,0.00789475254714489,0.6670651435852051
./data/test/seborrheic_keratosis/ISIC_0012414.jpg,0.15869322419166565,0.4352306127548218
./data/test/seborrheic_keratosis/ISIC_0012428.jpg,0.21816980838775635,0.3660964071750641
./data/test/seborrheic_keratosis/ISIC_0012432.jpg,0.14400841295719147,0.07211330533027649
./data/test/seborrheic_keratosis/ISIC_0012447.jpg,0.3121367394924164,0.12704192101955414
./data/test/seborrheic_keratosis/ISIC_0012448.jpg,0.18558654189109802,0.4158375561237335
./data/test/seborrheic_keratosis/ISIC_0012510.jpg,0.41761454939842224,0.07823231816291809
./data/test/seborrheic_keratosis/ISIC_0012522.jpg,0.10946206003427505,0.5848203897476196
./data/test/seborrheic_keratosis/ISIC_0012537.jpg,0.05433978885412216,0.20799480378627777
./data/test/seborrheic_keratosis/ISIC_0012548.jpg,0.14078177511692047,0.2386687844991684
./data/test/seborrheic_keratosis/ISIC_0012705.jpg,0.3061765730381012,0.20670455694198608
./data/test/seborrheic_keratosis/ISIC_0012757.jpg,0.12378235161304474,0.415576308965683
./data/test/seborrheic_keratosis/ISIC_0012786.jpg,0.04121718183159828,0.8023750185966492
./data/test/seborrheic_keratosis/ISIC_0012848.jpg,0.036421503871679306,0.21958601474761963
./data/test/seborrheic_keratosis/ISIC_0012852.jpg,0.003977684304118156,0.7664183378219604
./data/test/seborrheic_keratosis/ISIC_0012928.jpg,0.04111730679869652,0.7842576503753662
./data/test/seborrheic_keratosis/ISIC_0012955.jpg,0.03391927108168602,0.5957186222076416
./data/test/seborrheic_keratosis/ISIC_0012974.jpg,0.11917310208082199,0.43091651797294617
./data/test/seborrheic_keratosis/ISIC_0013030.jpg,0.09942222386598587,0.5836600065231323
./data/test/seborrheic_keratosis/ISIC_0013035.jpg,0.08411188423633575,0.5891213417053223
./data/test/seborrheic_keratosis/ISIC_0013085.jpg,0.1425144523382187,0.5861607789993286
./data/test/seborrheic_keratosis/ISIC_0013169.jpg,0.2617977559566498,0.40060436725616455
./data/test/seborrheic_keratosis/ISIC_0013170.jpg,0.029363809153437614,0.5319519639015198
./data/test/seborrheic_keratosis/ISIC_0013203.jpg,0.09644567221403122,0.5610066056251526
./data/test/seborrheic_keratosis/ISIC_0013270.jpg,0.13257987797260284,0.12426293641328812
./data/test/seborrheic_keratosis/ISIC_0013271.jpg,0.11599557846784592,0.09188692271709442
./data/test/seborrheic_keratosis/ISIC_0013281.jpg,0.016995098441839218,0.657881498336792
./data/test/seborrheic_keratosis/ISIC_0013319.jpg,0.28133198618888855,0.24917499721050262
./data/test/seborrheic_keratosis/ISIC_0013393.jpg,0.2169242948293686,0.5475354790687561
./data/test/seborrheic_keratosis/ISIC_0013465.jpg,0.27107375860214233,0.3783506155014038
./data/test/seborrheic_keratosis/ISIC_0013673.jpg,0.005020212382078171,0.896106481552124
./data/test/seborrheic_keratosis/ISIC_0013708.jpg,0.008393904194235802,0.8776471018791199
./data/test/seborrheic_keratosis/ISIC_0013764.jpg,0.28786277770996094,0.4101126492023468
./data/test/seborrheic_keratosis/ISIC_0013977.jpg,0.025026094168424606,0.7282963991165161
./data/test/seborrheic_keratosis/ISIC_0014006.jpg,0.24027003347873688,0.39769482612609863
./data/test/seborrheic_keratosis/ISIC_0014177.jpg,0.07253798097372055,0.6179403066635132
./data/test/seborrheic_keratosis/ISIC_0014251.jpg,0.17148315906524658,0.5214878916740417
./data/test/seborrheic_keratosis/ISIC_0014278.jpg,0.05383578687906265,0.023375939577817917
./data/test/seborrheic_keratosis/ISIC_0014386.jpg,0.03417747840285301,0.6806026101112366
./data/test/seborrheic_keratosis/ISIC_0014392.jpg,0.15311968326568604,0.10653174668550491
./data/test/seborrheic_keratosis/ISIC_0014409.jpg,0.1295793652534485,0.19926509261131287
./data/test/seborrheic_keratosis/ISIC_0014419.jpg,0.04598663002252579,0.7509764432907104
./data/test/seborrheic_keratosis/ISIC_0014457.jpg,0.2510259449481964,0.006950999144464731
./data/test/seborrheic_keratosis/ISIC_0014474.jpg,0.01902608759701252,0.7092780470848083
./data/test/seborrheic_keratosis/ISIC_0014500.jpg,0.24797159433364868,0.34741973876953125
./data/test/seborrheic_keratosis/ISIC_0014503.jpg,0.028700221329927444,0.34578725695610046
./data/test/seborrheic_keratosis/ISIC_0014567.jpg,0.07076159119606018,0.5129963159561157
./data/test/seborrheic_keratosis/ISIC_0014574.jpg,0.15312810242176056,0.2930942475795746
./data/test/seborrheic_keratosis/ISIC_0014575.jpg,0.028188608586788177,0.31698518991470337
./data/test/seborrheic_keratosis/ISIC_0014586.jpg,0.17857146263122559,0.005490066483616829
./data/test/seborrheic_keratosis/ISIC_0014587.jpg,0.05811004340648651,0.7511181235313416
./data/test/seborrheic_keratosis/ISIC_0014588.jpg,0.11590784043073654,0.33399099111557007
./data/test/seborrheic_keratosis/ISIC_0014590.jpg,0.17559903860092163,0.1601789891719818
./data/test/seborrheic_keratosis/ISIC_0014600.jpg,0.1134922206401825,0.011082393117249012
./data/test/seborrheic_keratosis/ISIC_0014619.jpg,0.14522519707679749,0.5290374755859375
./data/test/seborrheic_keratosis/ISIC_0014626.jpg,0.01781761832535267,0.7876455187797546
./data/test/seborrheic_keratosis/ISIC_0014627.jpg,0.019935572519898415,0.7622507214546204
./data/test/seborrheic_keratosis/ISIC_0014629.jpg,0.029452737420797348,0.7766461372375488
./data/test/seborrheic_keratosis/ISIC_0014631.jpg,0.010032342746853828,0.726121187210083
./data/test/seborrheic_keratosis/ISIC_0014634.jpg,0.12333004176616669,0.6347513198852539
./data/test/seborrheic_keratosis/ISIC_0014643.jpg,0.013695728033781052,0.6871435046195984
./data/test/seborrheic_keratosis/ISIC_0014644.jpg,0.11894490569829941,0.0231873020529747
./data/test/seborrheic_keratosis/ISIC_0014645.jpg,0.2905944585800171,0.3418830335140228
./data/test/seborrheic_keratosis/ISIC_0014647.jpg,0.010595091618597507,0.6161742210388184
./data/test/seborrheic_keratosis/ISIC_0014648.jpg,0.011649602092802525,0.7269865870475769
./data/test/seborrheic_keratosis/ISIC_0014649.jpg,0.009765067137777805,0.8212666511535645
./data/test/seborrheic_keratosis/ISIC_0014652.jpg,0.16271145641803741,0.46106305718421936
./data/test/seborrheic_keratosis/ISIC_0014653.jpg,0.13495823740959167,0.49649760127067566
